"Population","","Allele: frequency (count)","Genotype: frequency (count)","Genotypes"
"ALL;1000GENOMES:phase_3:ALL","","C: 0.978 (4898) T: 0.022 (110) ","C|C: 0.958 (2399) C|T: 0.040 (100) T|T: 0.002 (5) ",""
"AFR;1000GENOMES:phase_3:AFR","","C: 0.920 (1216) T: 0.080 (106) ","C|C: 0.847 (560) C|T: 0.145 (96) T|T: 0.008 (5) ",""
"  ACB;1000GENOMES:phase_3:ACB","","C: 0.906 (174) T: 0.094 (18) ","C|C: 0.823 (79) C|T: 0.167 (16) T|T: 0.010 (1) ",""
"  ASW;1000GENOMES:phase_3:ASW","","C: 0.926 (113) T: 0.074 (9) ","C|C: 0.852 (52) C|T: 0.148 (9) ",""
"  ESN;1000GENOMES:phase_3:ESN","","C: 0.929 (184) T: 0.071 (14) ","C|C: 0.859 (85) C|T: 0.141 (14) ",""
"  GWD;1000GENOMES:phase_3:GWD","","C: 0.925 (209) T: 0.075 (17) ","C|C: 0.867 (98) C|T: 0.115 (13) T|T: 0.018 (2) ",""
"  LWK;1000GENOMES:phase_3:LWK","","C: 0.894 (177) T: 0.106 (21) ","C|C: 0.798 (79) C|T: 0.192 (19) T|T: 0.010 (1) ",""
"  MSL;1000GENOMES:phase_3:MSL","","C: 0.965 (164) T: 0.035 (6) ","C|C: 0.941 (80) C|T: 0.047 (4) T|T: 0.012 (1) ",""
"  YRI;1000GENOMES:phase_3:YRI","","C: 0.903 (195) T: 0.097 (21) ","C|C: 0.806 (87) C|T: 0.194 (21) ",""
"AMR;1000GENOMES:phase_3:AMR","","C: 0.994 (690) T: 0.006 (4) ","C|C: 0.988 (343) C|T: 0.012 (4) ",""
"  CLM;1000GENOMES:phase_3:CLM","","C: 0.989 (186) T: 0.011 (2) ","C|C: 0.979 (92) C|T: 0.021 (2) ",""
"  MXL;1000GENOMES:phase_3:MXL","","C: 1.000 (128) ","C|C: 1.000 (64) ",""
"  PEL;1000GENOMES:phase_3:PEL","","C: 1.000 (170) ","C|C: 1.000 (85) ",""
"  PUR;1000GENOMES:phase_3:PUR","","C: 0.990 (206) T: 0.010 (2) ","C|C: 0.981 (102) C|T: 0.019 (2) ",""
"EAS;1000GENOMES:phase_3:EAS","","C: 1.000 (1008) ","C|C: 1.000 (504) ",""
"  CDX;1000GENOMES:phase_3:CDX","","C: 1.000 (186) ","C|C: 1.000 (93) ",""
"  CHB;1000GENOMES:phase_3:CHB","","C: 1.000 (206) ","C|C: 1.000 (103) ",""
"  CHS;1000GENOMES:phase_3:CHS","","C: 1.000 (210) ","C|C: 1.000 (105) ",""
"  JPT;1000GENOMES:phase_3:JPT","","C: 1.000 (208) ","C|C: 1.000 (104) ",""
"  KHV;1000GENOMES:phase_3:KHV","","C: 1.000 (198) ","C|C: 1.000 (99) ",""
"EUR;1000GENOMES:phase_3:EUR","","C: 1.000 (1006) ","C|C: 1.000 (503) ",""
"  CEU;1000GENOMES:phase_3:CEU","","C: 1.000 (198) ","C|C: 1.000 (99) ",""
"  FIN;1000GENOMES:phase_3:FIN","","C: 1.000 (198) ","C|C: 1.000 (99) ",""
"  GBR;1000GENOMES:phase_3:GBR","","C: 1.000 (182) ","C|C: 1.000 (91) ",""
"  IBS;1000GENOMES:phase_3:IBS","","C: 1.000 (214) ","C|C: 1.000 (107) ",""
"  TSI;1000GENOMES:phase_3:TSI","","C: 1.000 (214) ","C|C: 1.000 (107) ",""
"SAS;1000GENOMES:phase_3:SAS","","C: 1.000 (978) ","C|C: 1.000 (489) ",""
"  BEB;1000GENOMES:phase_3:BEB","","C: 1.000 (172) ","C|C: 1.000 (86) ",""
"  GIH;1000GENOMES:phase_3:GIH","","C: 1.000 (206) ","C|C: 1.000 (103) ",""
"  ITU;1000GENOMES:phase_3:ITU","","C: 1.000 (204) ","C|C: 1.000 (102) ",""
"  PJL;1000GENOMES:phase_3:PJL","","C: 1.000 (192) ","C|C: 1.000 (96) ",""
"  STU;1000GENOMES:phase_3:STU","","C: 1.000 (204) ","C|C: 1.000 (102) ",""
